<configuration>

<fonts>

 <!-- Sans-serif / Helvetica == NimbusSanL -->

 <font embed-file="NimbusSanL.fft" metrics-file="" kerning="yes">
    <font-triplet name="sans-serif" style="normal" weight="normal"/>
    <font-triplet name="Helvetica" style="normal" weight="normal"/>
    
    <!-- FIXME: Symbol and ZapfDingbats are mapped to Arial 
         until I can trace the URW versions to FFT files -->
    <font-triplet name="Symbol" style="normal" weight="normal"/>
    <font-triplet name="ZapfDingbats" style="normal" weight="normal"/>
 </font>

 <font embed-file="INimbusSanL.fft" metrics-file="" kerning="yes">
    <font-triplet name="sans-serif" style="oblique" weight="normal"/>
    <font-triplet name="sans-serif" style="italic" weight="normal"/>
    <font-triplet name="Helvetica" style="oblique" weight="normal"/>
    <font-triplet name="Helvetica" style="italic" weight="normal"/>
 </font>

 <font embed-file="BNimbusSanL.fft" metrics-file="" kerning="yes">
    <font-triplet name="sans-serif" style="normal" weight="bold"/>
    <font-triplet name="Helvetica" style="normal" weight="bold"/>
 </font>

 <font embed-file="BINimbusSanL.fft" metrics-file="" kerning="yes">
    <font-triplet name="sans-serif" style="oblique" weight="bold"/>
    <font-triplet name="sans-serif" style="italic" weight="bold"/>
    <font-triplet name="Helvetica" style="oblique" weight="bold"/>
    <font-triplet name="Helvetica" style="italic" weight="bold"/>
 </font>

 <!-- Serif / Times / Any == NimbusRomNo9L -->

 <font embed-file="NimbusRomNo9L.fft" metrics-file="" kerning="yes">
    <font-triplet name="serif" style="normal" weight="normal"/>
    <font-triplet name="Times" style="normal" weight="normal"/>
    <font-triplet name="Times Roman" style="normal" weight="normal"/>
    <font-triplet name="any" style="normal" weight="normal"/>
 </font>

 <font embed-file="INimbusRomNo9L.fft" metrics-file="" kerning="yes">
    <font-triplet name="serif" style="oblique" weight="normal"/>
    <font-triplet name="serif" style="italic" weight="normal"/>
    <font-triplet name="Times" style="oblique" weight="normal"/>
    <font-triplet name="Times" style="italic" weight="normal"/>
    <font-triplet name="Times Roman" style="oblique" weight="normal"/>
    <font-triplet name="Times Roman" style="italic" weight="normal"/>
    <font-triplet name="any" style="oblique" weight="normal"/>
    <font-triplet name="any" style="italic" weight="normal"/>
 </font>

 <font embed-file="BNimbusRomNo9L.fft" metrics-file="" kerning="yes">
    <font-triplet name="serif" style="normal" weight="bold"/>
    <font-triplet name="Times" style="normal" weight="bold"/>
    <font-triplet name="Times Roman" style="normal" weight="bold"/>
    <font-triplet name="any" style="normal" weight="bold"/>
 </font>

 <font embed-file="BINimbusRomNo9L.fft" metrics-file="" kerning="yes">
    <font-triplet name="serif" style="oblique" weight="bold"/>
    <font-triplet name="serif" style="italic" weight="bold"/>
    <font-triplet name="Times" style="oblique" weight="bold"/>
    <font-triplet name="Times" style="italic" weight="bold"/>
    <font-triplet name="Times Roman" style="oblique" weight="bold"/>
    <font-triplet name="Times Roman" style="italic" weight="bold"/>
    <font-triplet name="any" style="oblique" weight="bold"/>
    <font-triplet name="any" style="italic" weight="bold"/>
 </font>

 <!-- Monospace / Courier == NimbusMonL -->

 <font embed-file="NimbusMonL.fft" metrics-file="" kerning="yes">
    <font-triplet name="monospace" style="normal" weight="normal"/>
    <font-triplet name="Courier" style="normal" weight="normal"/>
 </font>

 <font embed-file="INimbusMonL.fft" metrics-file="" kerning="yes">
    <font-triplet name="monospace" style="oblique" weight="normal"/>
    <font-triplet name="monospace" style="italic" weight="normal"/>
    <font-triplet name="Courier" style="oblique" weight="normal"/>
    <font-triplet name="Courier" style="italic" weight="normal"/>
 </font>

 <font embed-file="BNimbusMonL.fft" metrics-file="" kerning="yes">
    <font-triplet name="monospace" style="normal" weight="bold"/>
    <font-triplet name="Courier" style="normal" weight="bold"/>
 </font>

 <font embed-file="BINimbusMonL.fft" metrics-file="" kerning="yes">
    <font-triplet name="monospace" style="oblique" weight="bold"/>
    <font-triplet name="monospace" style="italic" weight="bold"/>
    <font-triplet name="Courier" style="oblique" weight="bold"/>
    <font-triplet name="Courier" style="italic" weight="bold"/>
 </font>

 <!-- Symbol == StandardSymL -->

 <font embed-file="StandardSymL.fft" metrics-file="" kerning="yes">
    <font-triplet name="Symbol" style="normal" weight="normal"/>
 </font>

 <font embed-file="IStandardSymL.fft" metrics-file="" kerning="yes">
    <font-triplet name="Symbol" style="oblique" weight="normal"/>
    <font-triplet name="Symbol" style="italic" weight="normal"/>
 </font>

 <!-- ZapfDingbats == Dingbats -->

 <font embed-file="Dingbats.fft" metrics-file="" kerning="yes">
    <font-triplet name="ZapfDingbats" style="normal" weight="normal"/>
 </font>

 <font embed-file="IDingbats.fft" metrics-file="" kerning="yes">
    <font-triplet name="ZapfDingbats" style="oblique" weight="normal"/>
    <font-triplet name="ZapfDingbats" style="italic" weight="normal"/>
 </font>

</fonts>

</configuration>



