<users>
<!-- * X_LZ_COPYRIGHT_BEGIN ***************************************************
* Copyright 2001-2004 Laszlo Systems, Inc.  All Rights Reserved.              *
* Use is subject to license terms.                                            *
* X_LZ_COPYRIGHT_END ****************************************************** -->

<!-- This file used by AuthenticationServlet.                              -->
<!-- See WEB-INF/classes/AuthenticationServlet.java for details.           -->
  <user name="adam"   password="adam" />
  <user name="bret"   password="bret" />
  <user name="david"  password="david" />
  <user name="eric"   password="eric" />
  <user name="max"    password="max" />
  <user name="oliver" password="oliver" />
  <user name="pablo"  password="pablo" />
  <user name="peter"  password="peter" />
  <user name="sarah"  password="sarah" />
  <user name="antony" password="antony" />
  <user name="anne"   password="anne" />
  <user name="antun"  password="antun" />
  <user name="dan"    password="dan" />
  <user name="kevin"  password="kevin" />
  <user name="henry"  password="henry" />
  <user name="todd"   password="todd" />
  <user name="hal"    password="hal" />
  <user name="yossie" password="yossie" />
  <user name="tucker" password="tucker" />
  <user name="grig"   password="grig" />
  <user name="chris"  password="chris" />
  <user name="christian"  password="christian" />
  <user name="greg"  password="greg" />
  <user name="cathy"  password="cathy" />
  <user name="dealer" password="dealer"/>
</users>

